,endTime,artistName,trackName,msPlayed,UniqueID,In Library,album,track_uri
0,2020-12-07 16:03,Cheb i Sabbah,Toura Toura - The Nav Deep Remix,89240,Cheb i Sabbah:Toura Toura - The Nav Deep Remix,0,,
1,2020-12-07 16:09,Diljit Dosanjh,Born to Shine,78910,Diljit Dosanjh:Born to Shine,0,,
2,2020-12-07 16:33,KR$NA,Saath Ya Khilaaf,1740,KR$NA:Saath Ya Khilaaf,0,,
3,2020-12-07 16:33,Diljit Dosanjh,High End,1950,Diljit Dosanjh:High End,0,,
4,2020-12-07 18:27,KR$NA,Untitled,410890,KR$NA:Untitled,1,Untitled,2Yrl9A9VQg7QoCxeR9ktnn
5,2020-12-08 10:28,Bohemia,Ek Din,60790,Bohemia:Ek Din,0,,
6,2020-12-08 10:39,KR$NA,The Key - Freestyle,101333,KR$NA:The Key - Freestyle,0,,
7,2020-12-08 10:44,KR$NA,Makasam,321500,KR$NA:Makasam,0,,
8,2020-12-08 10:45,DIVINE,Satya,51120,DIVINE:Satya,0,,
9,2020-12-08 12:46,Fotty Seven,Baap Se,3254,Fotty Seven:Baap Se,0,,
10,2020-12-08 12:46,Fotty Seven,Baap Se,156037,Fotty Seven:Baap Se,0,,
11,2020-12-08 12:47,Fotty Seven,Kar Diya,15989,Fotty Seven:Kar Diya,0,,
12,2020-12-08 12:49,Fotty Seven,Baap Se,156037,Fotty Seven:Baap Se,0,,
13,2020-12-08 12:53,Jass Manak,No Competition,205498,Jass Manak:No Competition,1,No Competition,4AVe62GFbb3ffKXjUSpiuv
14,2020-12-08 12:55,Ajey Nagar (CarryMinati),Yalgaar,123374,Ajey Nagar (CarryMinati):Yalgaar,0,,
15,2020-12-08 12:57,KR$NA,Untitled,151384,KR$NA:Untitled,1,Untitled,2Yrl9A9VQg7QoCxeR9ktnn
16,2020-12-08 13:00,KR$NA,Untitled,151384,KR$NA:Untitled,1,Untitled,2Yrl9A9VQg7QoCxeR9ktnn
17,2020-12-08 13:02,KR$NA,Untitled,151384,KR$NA:Untitled,1,Untitled,2Yrl9A9VQg7QoCxeR9ktnn
18,2020-12-08 13:13,KR$NA,Untitled,1746,KR$NA:Untitled,1,Untitled,2Yrl9A9VQg7QoCxeR9ktnn
19,2020-12-08 14:37,Cheb i Sabbah,Toura Toura - The Nav Deep Remix,1450,Cheb i Sabbah:Toura Toura - The Nav Deep Remix,0,,
20,2020-12-08 14:37,Cheb i Sabbah,Toura Toura - The Nav Deep Remix,3801,Cheb i Sabbah:Toura Toura - The Nav Deep Remix,0,,
21,2020-12-08 14:37,Fotty Seven,Baap Se,1360,Fotty Seven:Baap Se,0,,
22,2020-12-08 14:37,Jass Manak,No Competition,1213,Jass Manak:No Competition,1,No Competition,4AVe62GFbb3ffKXjUSpiuv
23,2020-12-08 14:37,KR$NA,Untitled,28940,KR$NA:Untitled,1,Untitled,2Yrl9A9VQg7QoCxeR9ktnn
24,2020-12-08 14:37,Maninder Buttar,Sakhiyaan,2945,Maninder Buttar:Sakhiyaan,0,,
25,2020-12-08 14:37,Diljit Dosanjh,Born to Shine,11608,Diljit Dosanjh:Born to Shine,0,,
26,2020-12-08 14:37,Diljit Dosanjh,Born to Shine,1988,Diljit Dosanjh:Born to Shine,0,,
27,2020-12-08 14:37,Bohemia,Ek Din,1663,Bohemia:Ek Din,0,,
28,2020-12-08 14:41,Fotty Seven,Baap Se,133487,Fotty Seven:Baap Se,0,,
29,2020-12-08 14:42,Diljit Dosanjh,Clash,68438,Diljit Dosanjh:Clash,0,,
30,2020-12-08 14:43,Maroon 5,Nobody's Love,18240,Maroon 5:Nobody's Love,0,,
31,2020-12-08 14:44,Cheb i Sabbah,Toura Toura - The Nav Deep Remix,26263,Cheb i Sabbah:Toura Toura - The Nav Deep Remix,0,,
32,2020-12-08 14:44,Jass Manak,No Competition,47480,Jass Manak:No Competition,1,No Competition,4AVe62GFbb3ffKXjUSpiuv
33,2020-12-08 14:44,Diljit Dosanjh,Born to Shine,2262,Diljit Dosanjh:Born to Shine,0,,
34,2020-12-08 14:45,KR$NA,Untitled,1781,KR$NA:Untitled,1,Untitled,2Yrl9A9VQg7QoCxeR9ktnn
35,2020-12-08 14:45,Maninder Buttar,Sakhiyaan,41582,Maninder Buttar:Sakhiyaan,0,,
36,2020-12-08 14:45,Maninder Buttar,Sakhiyaan,9340,Maninder Buttar:Sakhiyaan,0,,
37,2020-12-08 14:47,Pritam,"Aabaad Barbaad (From ""Ludo"")",91300,"Pritam:Aabaad Barbaad (From ""Ludo"")",1,"Aabaad Barbaad (From ""Ludo"")",0hFUtSsV2itYEUTZGj6w5H
38,2020-12-08 14:48,Ankur Tewari,"Dil Beparvah - The Dewarists, Season 5",34547,"Ankur Tewari:Dil Beparvah - The Dewarists, Season 5",0,,
39,2020-12-08 14:48,Gaurav Chatterji,Phoonk Phoonk,39510,Gaurav Chatterji:Phoonk Phoonk,0,,
40,2020-12-08 14:49,Gajendra Verma,Tera Ghata,50525,Gajendra Verma:Tera Ghata,0,,
41,2020-12-08 14:50,Kesha,TiK ToK,68254,Kesha:TiK ToK,0,,
42,2020-12-08 14:51,Alan Walker,Darkside,26538,Alan Walker:Darkside,0,,
43,2020-12-08 14:52,Tedi Pagg,Tu Hi Das De,50423,Tedi Pagg:Tu Hi Das De,0,,
44,2020-12-08 14:54,Jass Manak,Prada,10023,Jass Manak:Prada,0,,
45,2020-12-08 14:54,Umer Farooq,Patang,67297,Umer Farooq:Patang,0,,
46,2020-12-08 14:55,Yo Yo Honey Singh,Dil Chori,57152,Yo Yo Honey Singh:Dil Chori,0,,
47,2020-12-08 14:55,KR$NA,Seedha Makeover,24714,KR$NA:Seedha Makeover,0,,
48,2020-12-08 15:07,Taaruk Raina,Sukoon,101480,Taaruk Raina:Sukoon,0,,
49,2020-12-08 16:43,Pritam,"Aabaad Barbaad (From ""Ludo"")",76020,"Pritam:Aabaad Barbaad (From ""Ludo"")",1,"Aabaad Barbaad (From ""Ludo"")",0hFUtSsV2itYEUTZGj6w5H
50,2020-12-10 19:29,Tulsi Kumar,Piya Aaye Na,5300,Tulsi Kumar:Piya Aaye Na,0,,
51,2020-12-18 06:40,KR$NA,Untitled,151384,KR$NA:Untitled,1,Untitled,2Yrl9A9VQg7QoCxeR9ktnn
52,2020-12-18 06:40,Maninder Buttar,Sakhiyaan,66,Maninder Buttar:Sakhiyaan,0,,
53,2020-12-18 06:42,KR$NA,Untitled,126620,KR$NA:Untitled,1,Untitled,2Yrl9A9VQg7QoCxeR9ktnn
54,2020-12-18 08:20,KR$NA,Untitled,151384,KR$NA:Untitled,1,Untitled,2Yrl9A9VQg7QoCxeR9ktnn
55,2020-12-18 08:23,KR$NA,Untitled,151384,KR$NA:Untitled,1,Untitled,2Yrl9A9VQg7QoCxeR9ktnn
56,2020-12-18 08:23,KR$NA,Untitled,9075,KR$NA:Untitled,1,Untitled,2Yrl9A9VQg7QoCxeR9ktnn
57,2020-12-18 08:27,KR$NA,Living Legend,228235,KR$NA:Living Legend,0,,
58,2020-12-18 08:32,KR$NA,Living Legend,214782,KR$NA:Living Legend,0,,
59,2020-12-18 08:35,Jass Manak,No Competition,205500,Jass Manak:No Competition,1,No Competition,4AVe62GFbb3ffKXjUSpiuv
60,2020-12-18 08:37,Cheb i Sabbah,Toura Toura - The Nav Deep Remix,3260,Cheb i Sabbah:Toura Toura - The Nav Deep Remix,0,,
61,2020-12-18 08:37,Tulsi Kumar,Piya Aaye Na,95783,Tulsi Kumar:Piya Aaye Na,0,,
62,2020-12-18 08:37,Maninder Buttar,Sakhiyaan,2343,Maninder Buttar:Sakhiyaan,0,,
63,2020-12-18 08:37,Diljit Dosanjh,Born to Shine,6795,Diljit Dosanjh:Born to Shine,0,,
64,2020-12-18 08:40,Dua Lipa,Don't Start Now,183290,Dua Lipa:Don't Start Now,0,,
65,2020-12-18 08:44,Prem Dhillon,Old Skool,253636,Prem Dhillon:Old Skool,0,,
66,2020-12-18 08:49,Bohemia,Same Beef,290360,Bohemia:Same Beef,0,,
67,2020-12-18 08:50,Sidhu Moose Wala,Famous,25411,Sidhu Moose Wala:Famous,0,,
68,2020-12-20 11:16,KR$NA,The Key - Freestyle,101333,KR$NA:The Key - Freestyle,0,,
69,2020-12-20 11:17,Dino James,Chamkeele Chuze,45726,Dino James:Chamkeele Chuze,0,,
70,2020-12-20 11:20,KR$NA,Untitled,151384,KR$NA:Untitled,1,Untitled,2Yrl9A9VQg7QoCxeR9ktnn
71,2020-12-24 07:36,KR$NA,Untitled,7734,KR$NA:Untitled,1,Untitled,2Yrl9A9VQg7QoCxeR9ktnn
72,2020-12-24 07:38,KR$NA,The Key - Freestyle,101333,KR$NA:The Key - Freestyle,0,,
73,2020-12-24 07:57,KR$NA,The Key - Freestyle,50326,KR$NA:The Key - Freestyle,0,,
74,2020-12-24 08:37,KR$NA,The Key - Freestyle,51031,KR$NA:The Key - Freestyle,0,,
75,2020-12-24 08:39,KR$NA,The Key - Freestyle,101333,KR$NA:The Key - Freestyle,0,,
76,2020-12-24 08:41,KR$NA,The Key - Freestyle,101333,KR$NA:The Key - Freestyle,0,,
77,2020-12-24 08:43,KR$NA,The Key - Freestyle,101333,KR$NA:The Key - Freestyle,0,,
78,2020-12-24 08:44,KR$NA,The Key - Freestyle,101333,KR$NA:The Key - Freestyle,0,,
79,2020-12-24 08:58,KR$NA,The Key - Freestyle,58655,KR$NA:The Key - Freestyle,0,,
80,2020-12-24 10:21,KR$NA,Living Legend,200,KR$NA:Living Legend,0,,
81,2020-12-24 10:22,KR$NA,The Key - Freestyle,93790,KR$NA:The Key - Freestyle,0,,
82,2020-12-24 17:24,KR$NA,Living Legend,7050,KR$NA:Living Legend,0,,
83,2020-12-24 17:24,KR$NA,Say My Name,2830,KR$NA:Say My Name,0,,
84,2020-12-24 17:24,Diljit Dosanjh,Intro,10010,Diljit Dosanjh:Intro,0,,
85,2020-12-24 17:24,KR$NA,The Key - Freestyle,2532,KR$NA:The Key - Freestyle,0,,
86,2020-12-24 17:24,KR$NA,The Key - Freestyle,7558,KR$NA:The Key - Freestyle,0,,
87,2020-12-27 07:14,KR$NA,Seedha Makeover,30934,KR$NA:Seedha Makeover,0,,
88,2020-12-27 07:14,KR$NA,Seedha Makeover,7763,KR$NA:Seedha Makeover,0,,
89,2020-12-27 07:19,KR$NA,Seedha Makeover,221781,KR$NA:Seedha Makeover,0,,
90,2020-12-27 07:20,Deep Kalsi,Warm Up (Refix),9065,Deep Kalsi:Warm Up (Refix),0,,
91,2020-12-27 07:21,KR$NA,The Key - Freestyle,101333,KR$NA:The Key - Freestyle,0,,
92,2020-12-27 07:23,KR$NA,The Key - Freestyle,101333,KR$NA:The Key - Freestyle,0,,
93,2020-12-27 07:25,KR$NA,The Key - Freestyle,101333,KR$NA:The Key - Freestyle,0,,
94,2020-12-27 07:26,KR$NA,The Key - Freestyle,46448,KR$NA:The Key - Freestyle,0,,
95,2020-12-27 07:28,KR$NA,Untitled,151384,KR$NA:Untitled,1,Untitled,2Yrl9A9VQg7QoCxeR9ktnn
96,2020-12-27 07:28,Maninder Buttar,Sakhiyaan,7946,Maninder Buttar:Sakhiyaan,0,,
97,2020-12-27 07:31,KR$NA,Untitled,151384,KR$NA:Untitled,1,Untitled,2Yrl9A9VQg7QoCxeR9ktnn
98,2020-12-27 07:32,KR$NA,Untitled,77538,KR$NA:Untitled,1,Untitled,2Yrl9A9VQg7QoCxeR9ktnn
99,2020-12-27 07:35,KR$NA,Living Legend,181283,KR$NA:Living Legend,0,,
100,2020-12-27 07:38,Jass Manak,No Competition,205500,Jass Manak:No Competition,1,No Competition,4AVe62GFbb3ffKXjUSpiuv
101,2020-12-27 07:50,Tulsi Kumar,Piya Aaye Na,90103,Tulsi Kumar:Piya Aaye Na,0,,
102,2021-01-11 12:05,Pritam,Judai,159830,Pritam:Judai,0,,
103,2021-01-11 12:10,Rekha Bhardwaj,"Judaai (From ""Badlapur)",268630,"Rekha Bhardwaj:Judaai (From ""Badlapur)",0,,
104,2021-01-11 12:13,Pritam,Jannat Jahan,203780,Pritam:Jannat Jahan,0,,
105,2021-01-11 12:14,Cheb i Sabbah,Toura Toura - The Nav Deep Remix,50260,Cheb i Sabbah:Toura Toura - The Nav Deep Remix,0,,
106,2021-01-11 12:17,KR$NA,Untitled,142770,KR$NA:Untitled,1,Untitled,2Yrl9A9VQg7QoCxeR9ktnn
107,2021-01-15 18:16,Rashmeet Kaur,Bajre Da Sitta,81070,Rashmeet Kaur:Bajre Da Sitta,0,,
108,2021-01-15 19:02,Pritam,Tum Mile,41030,Pritam:Tum Mile,0,,
109,2021-01-15 19:02,Pritam,Judai,71260,Pritam:Judai,0,,
110,2021-01-15 19:02,Pritam,Tu Hi Haqeeqat,7860,Pritam:Tu Hi Haqeeqat,0,,
111,2021-01-15 19:05,Pritam,Haan Tu Hain,1560,Pritam:Haan Tu Hain,0,,
112,2021-01-15 19:05,Pritam,Tujhi Mein,4640,Pritam:Tujhi Mein,0,,
113,2021-01-15 19:05,Annie,Mahiya - Remix,3480,Annie:Mahiya - Remix,0,,
114,2021-01-15 19:05,Anuradha Paudwal,Thi Meri Dastan,3240,Anuradha Paudwal:Thi Meri Dastan,0,,
115,2021-01-15 19:05,Atif Aslam,Lamhe - Dj Mix,135620,Atif Aslam:Lamhe - Dj Mix,0,,
116,2021-01-15 19:05,James,Bheegi Bheegi,27710,James:Bheegi Bheegi,0,,
117,2021-01-15 19:05,KK,Tu Hi Meri Shab Hai,2230,KK:Tu Hi Meri Shab Hai,0,,
118,2021-01-15 19:31,Kunal Ganjawala,Loot Jayenge (Remix),5990,Kunal Ganjawala:Loot Jayenge (Remix),0,,
119,2021-01-17 17:08,Kaka,Temporary Pyar,14800,Kaka:Temporary Pyar,0,,
120,2021-01-17 17:08,Kaka,Temporary Pyar,18900,Kaka:Temporary Pyar,0,,
121,2021-01-17 17:10,Temple Bhajan Band,Namaste Narasimhaya,340,Temple Bhajan Band:Namaste Narasimhaya,0,,
122,2021-01-17 17:10,Kaka,Dhoor Pendi,4960,Kaka:Dhoor Pendi,0,,
123,2021-01-17 17:10,Kaka,Tennu Ni Khabran,2730,Kaka:Tennu Ni Khabran,0,,
124,2021-01-17 17:10,The Stargazrs,Pyaar,3940,The Stargazrs:Pyaar,0,,
125,2021-01-17 17:10,Kaka,Surma,21000,Kaka:Surma,0,,
126,2021-01-17 17:10,Kaka,Surma,1470,Kaka:Surma,0,,
127,2021-01-17 17:12,Kaka,Temporary Pyar,3090,Kaka:Temporary Pyar,0,,
128,2021-01-17 17:12,Kaka,Temporary Pyar,6220,Kaka:Temporary Pyar,0,,
129,2021-01-18 12:13,Suzanne D'Mello,Mahiya,520,Suzanne D'Mello:Mahiya,0,,
130,2021-01-18 12:13,Mustafa Zahid,Tera Mera Rishta - Remix,2060,Mustafa Zahid:Tera Mera Rishta - Remix,0,,
131,2021-01-18 12:13,Atif Aslam,Aadat,430,Atif Aslam:Aadat,0,,
132,2021-01-18 12:13,Zubeen Garg,Ya Ali,1010,Zubeen Garg:Ya Ali,0,,
133,2021-01-18 12:13,Seema Alimchandani,Voice Over And Kaho Na Kaho,1570,Seema Alimchandani:Voice Over And Kaho Na Kaho,0,,
134,2021-01-18 12:13,Mithoon,Wo Ajnabee,780,Mithoon:Wo Ajnabee,0,,
135,2021-01-18 12:13,Shreya Ghoshal,Agar Tum Mil Jao,250,Shreya Ghoshal:Agar Tum Mil Jao,0,,
136,2021-01-18 12:13,Atif Aslam,Woh Lamhe Woh Baatein,3120,Atif Aslam:Woh Lamhe Woh Baatein,0,,
137,2021-01-20 11:10,Alisha Chinai,Dheere Dheere - Alisha Chinai,1530,Alisha Chinai:Dheere Dheere - Alisha Chinai,0,,
138,2021-01-23 11:02,Afsana Khan,Titliaan,170,Afsana Khan:Titliaan,0,,
139,2021-01-23 11:04,Afsana Khan,Titliaan,88560,Afsana Khan:Titliaan,0,,
140,2021-01-23 11:25,KR$NA,Untitled,81600,KR$NA:Untitled,1,Untitled,2Yrl9A9VQg7QoCxeR9ktnn
141,2021-01-23 18:09,Badshah,Awaara (feat. Reet Talwar),194551,Badshah:Awaara (feat. Reet Talwar),0,,
142,2021-01-23 18:27,Badshah,Awaara (feat. Reet Talwar),284129,Badshah:Awaara (feat. Reet Talwar),0,,
143,2021-01-23 19:00,Badshah,Awaara (feat. Reet Talwar),194551,Badshah:Awaara (feat. Reet Talwar),0,,
144,2021-01-23 20:05,Badshah,Awaara (feat. Reet Talwar),75460,Badshah:Awaara (feat. Reet Talwar),0,,
145,2021-01-24 08:57,Badshah,Awaara (feat. Reet Talwar),188911,Badshah:Awaara (feat. Reet Talwar),0,,
146,2021-01-24 08:57,Badshah,Awaara (feat. Reet Talwar),649,Badshah:Awaara (feat. Reet Talwar),0,,
147,2021-01-24 08:58,KR$NA,The Key - Freestyle,57790,KR$NA:The Key - Freestyle,0,,
148,2021-01-29 13:47,KR$NA,Untitled,77210,KR$NA:Untitled,1,Untitled,2Yrl9A9VQg7QoCxeR9ktnn
149,2021-01-30 12:06,KR$NA,Roll Up,9600,KR$NA:Roll Up,1,Roll Up,2HBnruSUjUJhqNePQXObRK
150,2021-01-31 08:11,KR$NA,Roll Up,195505,KR$NA:Roll Up,1,Roll Up,2HBnruSUjUJhqNePQXObRK
151,2021-01-31 08:16,KR$NA,Roll Up,146082,KR$NA:Roll Up,1,Roll Up,2HBnruSUjUJhqNePQXObRK
152,2021-01-31 16:10,KR$NA,Roll Up,195505,KR$NA:Roll Up,1,Roll Up,2HBnruSUjUJhqNePQXObRK
153,2021-01-31 16:11,KR$NA,Roll Up,14575,KR$NA:Roll Up,1,Roll Up,2HBnruSUjUJhqNePQXObRK
154,2021-01-31 16:11,Jass Manak,No Competition,2980,Jass Manak:No Competition,1,No Competition,4AVe62GFbb3ffKXjUSpiuv
155,2021-02-03 09:02,KR$NA,Untitled,123780,KR$NA:Untitled,1,Untitled,2Yrl9A9VQg7QoCxeR9ktnn
156,2021-02-03 09:06,KR$NA,Roll Up,195505,KR$NA:Roll Up,1,Roll Up,2HBnruSUjUJhqNePQXObRK
157,2021-02-03 09:09,Cheb i Sabbah,Toura Toura - The Nav Deep Remix,71244,Cheb i Sabbah:Toura Toura - The Nav Deep Remix,0,,
158,2021-02-03 09:10,Cheb i Sabbah,Toura Toura - The Nav Deep Remix,670,Cheb i Sabbah:Toura Toura - The Nav Deep Remix,0,,
159,2021-02-03 09:10,KR$NA,Living Legend,3450,KR$NA:Living Legend,0,,
160,2021-02-03 09:10,Rashmeet Kaur,Bajre Da Sitta,8290,Rashmeet Kaur:Bajre Da Sitta,0,,
161,2021-02-03 09:11,KR$NA,Untitled,52830,KR$NA:Untitled,1,Untitled,2Yrl9A9VQg7QoCxeR9ktnn
162,2021-02-04 17:49,Kaka,Temporary Pyar,242021,Kaka:Temporary Pyar,0,,
163,2021-02-04 17:50,Kaka,Temporary Pyar,92589,Kaka:Temporary Pyar,0,,
164,2021-02-05 15:00,Sidhu Moose Wala,Aj Kal Ve,178060,Sidhu Moose Wala:Aj Kal Ve,0,,
165,2021-02-07 15:54,Jay Sean,Ride It (Kya Yehi Pyar Hai),2600,Jay Sean:Ride It (Kya Yehi Pyar Hai),0,,
166,2021-02-07 16:01,Jay Sean,Ride It (Kya Yehi Pyar Hai),118361,Jay Sean:Ride It (Kya Yehi Pyar Hai),0,,
167,2021-02-07 16:03,Cheb i Sabbah,Toura Toura - The Nav Deep Remix,58320,Cheb i Sabbah:Toura Toura - The Nav Deep Remix,0,,
168,2021-02-07 16:04,DIVINE,Mirchi,6185,DIVINE:Mirchi,0,,
169,2021-02-07 16:04,DIVINE,Mirchi,23,DIVINE:Mirchi,0,,
170,2021-02-07 16:04,DIVINE,Mirchi,2405,DIVINE:Mirchi,0,,
171,2021-02-07 16:04,Jass Manak,No Competition,63920,Jass Manak:No Competition,1,No Competition,4AVe62GFbb3ffKXjUSpiuv
172,2021-02-07 16:05,DIVINE,Mirchi,53762,DIVINE:Mirchi,0,,
173,2021-02-07 16:05,Bohemia,Same Beef,5100,Bohemia:Same Beef,0,,
174,2021-02-07 16:05,Jass Manak,Prada,4603,Jass Manak:Prada,0,,
175,2021-02-07 16:05,Prem Dhillon,Old Skool,3828,Prem Dhillon:Old Skool,0,,
176,2021-02-07 16:07,Arijit Singh,"Ghungroo (From ""War"")",75689,"Arijit Singh:Ghungroo (From ""War"")",0,,
177,2021-02-07 16:08,Amit Trivedi,Jugni,89684,Amit Trivedi:Jugni,0,,
178,2021-02-07 16:10,Ali Pervez Mehdi,Gal Sunn,110571,Ali Pervez Mehdi:Gal Sunn,0,,
179,2021-02-07 16:11,Himesh Reshammiya,Jhalak Dikhla Ja (Remix),77682,Himesh Reshammiya:Jhalak Dikhla Ja (Remix),0,,
180,2021-02-07 16:13,Lucky Ali,O Sanam,119799,Lucky Ali:O Sanam,0,,
181,2021-02-07 16:15,Badshah,Chandigarh Mein,13880,Badshah:Chandigarh Mein,0,,
182,2021-02-07 16:15,Gajendra Verma,Tera Ghata,66057,Gajendra Verma:Tera Ghata,0,,
183,2021-02-07 16:33,Harrdy Sandhu,Hornn Blow,2720,Harrdy Sandhu:Hornn Blow,0,,
184,2021-02-07 17:20,Jay Sean,Ride It (Original Version),155110,Jay Sean:Ride It (Original Version),0,,
185,2021-02-07 17:20,Jasmine Sandlas,Baddal,37710,Jasmine Sandlas:Baddal,0,,
186,2021-02-08 11:13,Gajendra Verma,Tera Ghata,4040,Gajendra Verma:Tera Ghata,0,,
187,2021-02-08 11:13,Jasmine Sandlas,Baddal,15940,Jasmine Sandlas:Baddal,0,,
188,2021-02-08 11:15,Kaka,Temporary Pyar,163080,Kaka:Temporary Pyar,0,,
189,2021-02-12 15:26,Travis Scott,Goosebumps - Remix,67557,Travis Scott:Goosebumps - Remix,0,,
190,2021-02-12 15:27,Travis Scott,Goosebumps - Remix,16127,Travis Scott:Goosebumps - Remix,0,,
191,2021-02-12 15:27,Travis Scott,Goosebumps - Remix,632,Travis Scott:Goosebumps - Remix,0,,
192,2021-02-12 15:27,Travis Scott,Goosebumps - Remix,3786,Travis Scott:Goosebumps - Remix,0,,
193,2021-02-12 15:27,DIVINE,Vibe Hai,3125,DIVINE:Vibe Hai,0,,
194,2021-02-12 15:27,Jessie J,"Flashlight - From ""Pitch Perfect 2"" Soundtrack",4950,"Jessie J:Flashlight - From ""Pitch Perfect 2"" Soundtrack",0,,
195,2021-02-12 15:27,Coldplay,Hymn for the Weekend,19710,Coldplay:Hymn for the Weekend,1,A Head Full of Dreams,3RiPr603aXAoi4GHyXx0uy
196,2021-02-12 15:30,Jessie J,"Flashlight - From ""Pitch Perfect 2"" Soundtrack",152281,"Jessie J:Flashlight - From ""Pitch Perfect 2"" Soundtrack",0,,
197,2021-02-12 15:30,Jessie J,"Flashlight - From ""Pitch Perfect 2"" Soundtrack",6572,"Jessie J:Flashlight - From ""Pitch Perfect 2"" Soundtrack",0,,
198,2021-02-14 05:26,Sanam,Dil Kya Kare,297,Sanam:Dil Kya Kare,0,,
199,2021-02-14 05:29,Adnan Sami,Dil Kya Kare,181298,Adnan Sami:Dil Kya Kare,0,,
200,2021-02-14 05:31,Adnan Sami,Teri Yaad,94105,Adnan Sami:Teri Yaad,0,,
201,2021-02-14 05:33,Adnan Sami,Tera Chehra,121173,Adnan Sami:Tera Chehra,0,,
202,2021-02-14 05:35,Mithoon,Wo Ajnabee,137074,Mithoon:Wo Ajnabee,0,,
203,2021-02-14 05:38,KK,Beete Lamhein,168123,KK:Beete Lamhein,1,The Train,0zQa7QXLpUZfrrsWbgDZll
204,2021-02-14 05:43,Pritam,Tum Se Hi,187384,Pritam:Tum Se Hi,0,,
205,2021-02-14 05:44,Pritam,Haan Main Galat,0,Pritam:Haan Main Galat,0,,
206,2021-02-14 05:44,Pritam,Shayad - Reprise,6032,Pritam:Shayad - Reprise,0,,
207,2021-02-14 05:44,Pritam,Aur Tanha,558,Pritam:Aur Tanha,0,,
208,2021-02-14 05:44,Pritam,Yeh Dooriyan,36983,Pritam:Yeh Dooriyan,0,,
209,2021-02-14 05:44,Pritam,Yeh Dooriyan,24346,Pritam:Yeh Dooriyan,0,,
210,2021-02-14 05:44,Pritam,Parmeshwara,3630,Pritam:Parmeshwara,0,,
211,2021-02-14 05:44,Pritam,Dhak Dhak,2028,Pritam:Dhak Dhak,0,,
212,2021-02-14 05:45,Pritam,Mehrama,31553,Pritam:Mehrama,0,,
213,2021-02-14 05:47,Atif Aslam,Jab Koi Baat - Recreated,14430,Atif Aslam:Jab Koi Baat - Recreated,0,,
214,2021-02-14 05:47,Adnan Sami,Dil Kya Kare,115504,Adnan Sami:Dil Kya Kare,0,,
215,2021-02-14 05:50,Amrita Singh,Valentine's Mashup 2019,158600,Amrita Singh:Valentine's Mashup 2019,0,,
216,2021-02-14 05:53,Atif Aslam,Jaane De,135680,Atif Aslam:Jaane De,0,,
217,2021-02-14 05:55,Mithoon,Wo Ajnabee,112276,Mithoon:Wo Ajnabee,0,,
218,2021-02-14 05:57,KK,Beete Lamhein,153869,KK:Beete Lamhein,1,The Train,0zQa7QXLpUZfrrsWbgDZll
219,2021-02-14 06:09,Pritam,Aabaad Barbaad,58240,Pritam:Aabaad Barbaad,0,,
220,2021-02-19 09:28,KR$NA,Villain,218400,KR$NA:Villain,1,Villain,4fs0SU0T6We8fzKXrCE8it
221,2021-02-19 09:32,KR$NA,Villain,218400,KR$NA:Villain,1,Villain,4fs0SU0T6We8fzKXrCE8it
222,2021-02-19 09:35,KR$NA,Villain,217000,KR$NA:Villain,1,Villain,4fs0SU0T6We8fzKXrCE8it
223,2021-02-19 09:39,DIVINE,Mirchi,192923,DIVINE:Mirchi,0,,
224,2021-02-19 09:42,DIVINE,Mirchi,192923,DIVINE:Mirchi,0,,
225,2021-02-19 09:45,DIVINE,Mirchi,192923,DIVINE:Mirchi,0,,
226,2021-02-19 09:48,DIVINE,Mirchi,7397,DIVINE:Mirchi,0,,
227,2021-02-19 09:48,DIVINE,Mirchi,192923,DIVINE:Mirchi,0,,
228,2021-02-19 09:51,Arizona Zervas,ROXANNE,163636,Arizona Zervas:ROXANNE,0,,
229,2021-02-19 09:54,DIVINE,Mirchi,192923,DIVINE:Mirchi,0,,
230,2021-02-19 09:59,Arijit Singh,"Ghungroo (From ""War"")",274450,"Arijit Singh:Ghungroo (From ""War"")",0,,
231,2021-02-19 10:02,Jay Sean,Ride It (Kya Yehi Pyar Hai),193706,Jay Sean:Ride It (Kya Yehi Pyar Hai),0,,
232,2021-02-19 10:05,Arizona Zervas,ROXANNE,163636,Arizona Zervas:ROXANNE,0,,
233,2021-02-19 10:08,DIVINE,Mirchi,192923,DIVINE:Mirchi,0,,
234,2021-02-19 10:13,Arijit Singh,"Ghungroo (From ""War"")",302935,"Arijit Singh:Ghungroo (From ""War"")",0,,
235,2021-02-19 10:18,Pritam,"Aabaad Barbaad (From ""Ludo"")",309103,"Pritam:Aabaad Barbaad (From ""Ludo"")",1,"Aabaad Barbaad (From ""Ludo"")",0hFUtSsV2itYEUTZGj6w5H
236,2021-02-19 10:24,Himesh Reshammiya,Jhalak Dikhla Ja (Remix),313026,Himesh Reshammiya:Jhalak Dikhla Ja (Remix),0,,
237,2021-02-19 10:27,Lucky Ali,O Sanam,223027,Lucky Ali:O Sanam,0,,
238,2021-02-19 10:32,Gajendra Verma,Tera Ghata,254173,Gajendra Verma:Tera Ghata,0,,
239,2021-02-19 10:32,Jasmine Sandlas,Baddal,18757,Jasmine Sandlas:Baddal,0,,
240,2021-02-19 17:28,KR$NA,Villain,136010,KR$NA:Villain,1,Villain,4fs0SU0T6We8fzKXrCE8it
241,2021-02-19 17:29,Arizona Zervas,ROXANNE,52070,Arizona Zervas:ROXANNE,0,,
242,2021-02-19 17:31,DIVINE,Mirchi,94150,DIVINE:Mirchi,0,,
243,2021-02-19 17:32,Mankirt Aulakh,Badnam ( Orignal Version ),77880,Mankirt Aulakh:Badnam ( Orignal Version ),0,,
244,2021-02-19 17:33,Tulsi Kumar,Piya Aaye Na,66360,Tulsi Kumar:Piya Aaye Na,0,,
245,2021-02-19 17:38,Jass Manak,No Competition,91410,Jass Manak:No Competition,1,No Competition,4AVe62GFbb3ffKXjUSpiuv
246,2021-02-20 13:04,Asim Azhar,Ghalat Fehmi,194907,Asim Azhar:Ghalat Fehmi,0,,
247,2021-02-20 13:04,KR$NA,Roll Up,23,KR$NA:Roll Up,1,Roll Up,2HBnruSUjUJhqNePQXObRK
248,2021-02-20 13:07,KR$NA,Roll Up,195505,KR$NA:Roll Up,1,Roll Up,2HBnruSUjUJhqNePQXObRK
249,2021-02-20 13:09,KR$NA,Living Legend,7291,KR$NA:Living Legend,0,,
250,2021-02-20 13:09,KR$NA,Roll Up,99547,KR$NA:Roll Up,1,Roll Up,2HBnruSUjUJhqNePQXObRK
251,2021-02-20 13:11,KR$NA,Untitled,151384,KR$NA:Untitled,1,Untitled,2Yrl9A9VQg7QoCxeR9ktnn
252,2021-02-20 13:11,Maninder Buttar,Sakhiyaan,7695,Maninder Buttar:Sakhiyaan,0,,
253,2021-02-20 13:14,KR$NA,Untitled,151384,KR$NA:Untitled,1,Untitled,2Yrl9A9VQg7QoCxeR9ktnn
254,2021-02-20 13:16,KR$NA,Untitled,151384,KR$NA:Untitled,1,Untitled,2Yrl9A9VQg7QoCxeR9ktnn
255,2021-02-20 13:16,KR$NA,Untitled,1098,KR$NA:Untitled,1,Untitled,2Yrl9A9VQg7QoCxeR9ktnn
256,2021-02-20 13:18,Jass Manak,No Competition,117023,Jass Manak:No Competition,1,No Competition,4AVe62GFbb3ffKXjUSpiuv
257,2021-02-20 13:22,DIVINE,Mirchi,192923,DIVINE:Mirchi,0,,
258,2021-02-20 13:40,Arijit Singh,"Ghungroo (From ""War"")",50936,"Arijit Singh:Ghungroo (From ""War"")",0,,
259,2021-02-24 06:21,Jass Manak,No Competition,80920,Jass Manak:No Competition,1,No Competition,4AVe62GFbb3ffKXjUSpiuv
260,2021-02-24 16:40,Adnan Sami,Dil Kya Kare,4942,Adnan Sami:Dil Kya Kare,0,,
261,2021-02-24 18:17,Jass Manak,No Competition,143870,Jass Manak:No Competition,1,No Competition,4AVe62GFbb3ffKXjUSpiuv
262,2021-02-25 05:56,KR$NA,Roll Up,195505,KR$NA:Roll Up,1,Roll Up,2HBnruSUjUJhqNePQXObRK
263,2021-02-25 05:57,Sidhu Moose Wala,Aj Kal Ve,59645,Sidhu Moose Wala:Aj Kal Ve,0,,
264,2021-02-25 05:57,Arizona Zervas,ROXANNE,1580,Arizona Zervas:ROXANNE,0,,
265,2021-02-25 06:00,DIVINE,Mirchi,192923,DIVINE:Mirchi,0,,
266,2021-02-25 06:05,Arijit Singh,"Ghungroo (From ""War"")",302935,"Arijit Singh:Ghungroo (From ""War"")",0,,
267,2021-02-25 06:09,Pritam,"Aabaad Barbaad (From ""Ludo"")",218781,"Pritam:Aabaad Barbaad (From ""Ludo"")",1,"Aabaad Barbaad (From ""Ludo"")",0hFUtSsV2itYEUTZGj6w5H
268,2021-02-27 06:58,KR$NA,Roll Up,195505,KR$NA:Roll Up,1,Roll Up,2HBnruSUjUJhqNePQXObRK
269,2021-02-27 07:01,KR$NA,Roll Up,195505,KR$NA:Roll Up,1,Roll Up,2HBnruSUjUJhqNePQXObRK
270,2021-02-27 07:18,KR$NA,Roll Up,31527,KR$NA:Roll Up,1,Roll Up,2HBnruSUjUJhqNePQXObRK
271,2021-02-27 07:18,KR$NA,Roll Up,68428,KR$NA:Roll Up,1,Roll Up,2HBnruSUjUJhqNePQXObRK
272,2021-02-27 07:21,KR$NA,Untitled,151384,KR$NA:Untitled,1,Untitled,2Yrl9A9VQg7QoCxeR9ktnn
273,2021-02-27 07:23,KR$NA,Untitled,151384,KR$NA:Untitled,1,Untitled,2Yrl9A9VQg7QoCxeR9ktnn
274,2021-02-27 07:24,KR$NA,Untitled,30813,KR$NA:Untitled,1,Untitled,2Yrl9A9VQg7QoCxeR9ktnn
275,2021-02-27 07:29,KR$NA,Living Legend,320856,KR$NA:Living Legend,0,,
276,2021-02-27 07:40,KR$NA,The Key - Freestyle,89720,KR$NA:The Key - Freestyle,0,,
277,2021-02-27 12:12,KR$NA,Roll Up,300018,KR$NA:Roll Up,1,Roll Up,2HBnruSUjUJhqNePQXObRK
278,2021-02-27 12:13,Arizona Zervas,ROXANNE,33800,Arizona Zervas:ROXANNE,0,,
279,2021-02-27 12:14,Himesh Reshammiya,Jhalak Dikhla Ja (Remix),60427,Himesh Reshammiya:Jhalak Dikhla Ja (Remix),0,,
280,2021-02-27 12:15,Diljit Dosanjh,Born to Shine,81020,Diljit Dosanjh:Born to Shine,0,,
281,2021-02-27 12:17,KR$NA,Untitled,70263,KR$NA:Untitled,1,Untitled,2Yrl9A9VQg7QoCxeR9ktnn
282,2021-02-27 12:18,Avicii,The Nights,1708,Avicii:The Nights,0,,
283,2021-02-27 12:20,KR$NA,Untitled,8095,KR$NA:Untitled,1,Untitled,2Yrl9A9VQg7QoCxeR9ktnn
284,2021-02-27 12:22,Pritam,Bhool Bhulaiyaa,128240,Pritam:Bhool Bhulaiyaa,0,,
285,2021-03-01 11:41,KR$NA,Untitled,276879,KR$NA:Untitled,1,Untitled,2Yrl9A9VQg7QoCxeR9ktnn
286,2021-03-01 11:43,KR$NA,Untitled,100871,KR$NA:Untitled,1,Untitled,2Yrl9A9VQg7QoCxeR9ktnn
287,2021-03-01 11:46,KR$NA,Maharani,211198,KR$NA:Maharani,0,,
288,2021-03-01 18:27,KR$NA,Maharani,102401,KR$NA:Maharani,0,,
289,2021-03-03 15:25,Akhil Sachdeva,Humsafar,140320,Akhil Sachdeva:Humsafar,0,,
290,2021-03-03 15:27,Masked Wolf,Astronaut In The Ocean,110770,Masked Wolf:Astronaut In The Ocean,0,,
291,2021-03-03 15:29,Bella,Astroworld,2480,Bella:Astroworld,0,,
292,2021-03-03 15:29,Bella,Astroworld,1500,Bella:Astroworld,0,,
293,2021-03-03 15:29,Glass Animals,Heat Waves,130890,Glass Animals:Heat Waves,0,,
294,2021-03-03 15:58,Pritam,Bhool Bhulaiyaa,114520,Pritam:Bhool Bhulaiyaa,0,,
295,2021-03-05 10:00,Pritam,Shayad,4959,Pritam:Shayad,0,,
296,2021-03-05 10:00,Pritam,Shayad,247941,Pritam:Shayad,0,,
297,2021-03-05 10:00,Pritam,Kya Mujhe Pyar Hai (Remix),25760,Pritam:Kya Mujhe Pyar Hai (Remix),0,,
298,2021-03-07 18:18,Pritam,In Dino,15550,Pritam:In Dino,0,,
299,2021-03-10 16:00,Calum Scott,You Are The Reason,5924,Calum Scott:You Are The Reason,0,,
300,2021-03-17 06:48,Ayushmann Khurrana,"Pani Da Rang Male (From ""Vicky Donor"")",240786,"Ayushmann Khurrana:Pani Da Rang Male (From ""Vicky Donor"")",0,,
301,2021-03-17 06:53,Vishal Dadlani,"Mar Jayian Romantic (From ""Vicky Donor"")",288960,"Vishal Dadlani:Mar Jayian Romantic (From ""Vicky Donor"")",1,Vicky Donor,73yIZXOY6Th386dlZTZLju
302,2021-03-17 06:57,Mika Singh,Chaddha,230960,Mika Singh:Chaddha,0,,
303,2021-03-17 20:43,KR$NA,Still Here (Intro),28763,KR$NA:Still Here (Intro),0,,
304,2021-03-17 20:44,KR$NA,Fall Off (Interlude),33180,KR$NA:Fall Off (Interlude),0,,
305,2021-03-17 20:44,KR$NA,Dream,43960,KR$NA:Dream,0,,
306,2021-03-17 20:45,KR$NA,Saza-E-Maut,23740,KR$NA:Saza-E-Maut,0,,
307,2021-03-17 20:45,KR$NA,Na Hai Time,11290,KR$NA:Na Hai Time,0,,
308,2021-03-22 18:17,Vilen,Ek Raat,75710,Vilen:Ek Raat,0,,
309,2021-03-22 18:19,Asim Azhar,Ghalat Fehmi,135440,Asim Azhar:Ghalat Fehmi,0,,
310,2021-03-22 18:25,Masked Wolf,Astronaut In The Ocean,1160,Masked Wolf:Astronaut In The Ocean,0,,
311,2021-03-22 18:25,Pritam,Bhool Bhulaiyaa,82070,Pritam:Bhool Bhulaiyaa,0,,
312,2021-03-22 18:26,Pritam,Shayad,5280,Pritam:Shayad,0,,
313,2021-03-22 18:26,Akhil Sachdeva,Humsafar,2330,Akhil Sachdeva:Humsafar,0,,
314,2021-03-22 18:28,Pritam,Kya Mujhe Pyar Hai (Remix),113360,Pritam:Kya Mujhe Pyar Hai (Remix),0,,
315,2021-03-24 07:08,Vilen,Ek Raat,87950,Vilen:Ek Raat,0,,
316,2021-03-30 19:32,Roop Kumar Rathod,Maula Mere Maula,54460,Roop Kumar Rathod:Maula Mere Maula,0,,
317,2021-04-04 19:04,Vilen,Savan,21265,Vilen:Savan,0,,
318,2021-04-05 19:59,Ajey Nagar (CarryMinati),Yalgaar,149306,Ajey Nagar (CarryMinati):Yalgaar,0,,
319,2021-04-05 20:18,Badshah,"Garmi (From ""Street Dancer 3D"") (feat. Varun Dhawan)",31120,"Badshah:Garmi (From ""Street Dancer 3D"") (feat. Varun Dhawan)",0,,
320,2021-04-06 12:18,Vilen,Savan,900,Vilen:Savan,0,,
321,2021-04-10 11:19,DIVINE,Vibe Hai,144785,DIVINE:Vibe Hai,0,,
322,2021-04-10 11:25,Sickflip,Roshni,157080,Sickflip:Roshni,0,,
323,2021-04-10 11:35,KR$NA,Untitled,151384,KR$NA:Untitled,1,Untitled,2Yrl9A9VQg7QoCxeR9ktnn
324,2021-04-10 11:38,KR$NA,Untitled,151384,KR$NA:Untitled,1,Untitled,2Yrl9A9VQg7QoCxeR9ktnn
325,2021-04-10 11:41,KR$NA,Untitled,151384,KR$NA:Untitled,1,Untitled,2Yrl9A9VQg7QoCxeR9ktnn
326,2021-04-10 11:59,KR$NA,Untitled,114066,KR$NA:Untitled,1,Untitled,2Yrl9A9VQg7QoCxeR9ktnn
327,2021-04-12 09:46,KR$NA,Untitled,151384,KR$NA:Untitled,1,Untitled,2Yrl9A9VQg7QoCxeR9ktnn
328,2021-04-12 09:49,Maninder Buttar,Sakhiyaan,179325,Maninder Buttar:Sakhiyaan,0,,
329,2021-04-12 09:52,Bohemia,Ek Din,217810,Bohemia:Ek Din,0,,
330,2021-04-12 09:55,KR$NA,Untitled,151384,KR$NA:Untitled,1,Untitled,2Yrl9A9VQg7QoCxeR9ktnn
331,2021-04-12 09:55,Maninder Buttar,Sakhiyaan,2515,Maninder Buttar:Sakhiyaan,0,,
332,2021-04-12 09:57,KR$NA,Untitled,151384,KR$NA:Untitled,1,Untitled,2Yrl9A9VQg7QoCxeR9ktnn
333,2021-04-12 10:21,Maninder Buttar,Sakhiyaan,2895,Maninder Buttar:Sakhiyaan,0,,
334,2021-04-15 16:55,Dua Lipa,New Rules,37090,Dua Lipa:New Rules,0,,
335,2021-04-16 07:58,Dua Lipa,Levitating,153120,Dua Lipa:Levitating,1,Future Nostalgia,39LLxExYz6ewLAcYrzQQyP
336,2021-04-17 07:35,Dua Lipa,Levitating,202476,Dua Lipa:Levitating,1,Future Nostalgia,39LLxExYz6ewLAcYrzQQyP
337,2021-04-17 07:48,Dua Lipa,Levitating,115775,Dua Lipa:Levitating,1,Future Nostalgia,39LLxExYz6ewLAcYrzQQyP
338,2021-04-17 18:03,Dua Lipa,New Rules,510,Dua Lipa:New Rules,0,,
339,2021-04-23 11:46,KR$NA,Untitled,3304,KR$NA:Untitled,1,Untitled,2Yrl9A9VQg7QoCxeR9ktnn
340,2021-04-27 13:53,Mitra.,tere bina,6070,Mitra.:tere bina,0,,
341,2021-05-01 10:12,Sunidhi Chauhan,Cash,201650,Sunidhi Chauhan:Cash,0,,
342,2021-05-09 13:28,Yo Yo Honey Singh,Desi Kalakaar,253352,Yo Yo Honey Singh:Desi Kalakaar,0,,
343,2021-05-09 13:32,Yo Yo Honey Singh,Desi Kalakaar,253352,Yo Yo Honey Singh:Desi Kalakaar,0,,
344,2021-05-09 13:36,Yo Yo Honey Singh,Desi Kalakaar,229470,Yo Yo Honey Singh:Desi Kalakaar,0,,
345,2021-05-13 12:58,Yo Yo Honey Singh,Desi Kalakaar,250255,Yo Yo Honey Singh:Desi Kalakaar,0,,
346,2021-05-13 13:02,Yo Yo Honey Singh,Desi Kalakaar,240665,Yo Yo Honey Singh:Desi Kalakaar,0,,
347,2021-05-19 07:16,Dua Lipa,Levitating (feat. DaBaby),147020,Dua Lipa:Levitating (feat. DaBaby),1,Future Nostalgia,5nujrmhLynf4yMoMtj8AQF
348,2021-05-19 07:19,Dua Lipa,Levitating,183329,Dua Lipa:Levitating,1,Future Nostalgia,39LLxExYz6ewLAcYrzQQyP
349,2021-05-19 07:44,KR$NA,Untitled,131980,KR$NA:Untitled,1,Untitled,2Yrl9A9VQg7QoCxeR9ktnn
350,2021-05-19 07:45,AP Dhillon,Brown Munde,62160,AP Dhillon:Brown Munde,0,,
351,2021-05-19 07:45,Lucky Ali,O Sanam,5160,Lucky Ali:O Sanam,0,,
352,2021-05-19 07:45,Coldplay,Hymn for the Weekend,3080,Coldplay:Hymn for the Weekend,1,A Head Full of Dreams,3RiPr603aXAoi4GHyXx0uy
353,2021-05-19 07:45,AP Dhillon,Toxic,9210,AP Dhillon:Toxic,0,,
354,2021-05-19 09:27,Dj Chetas,Atif Mashup,148730,Dj Chetas:Atif Mashup,0,,
355,2021-05-19 10:24,Udit Narayan,Sona Kitna Sona Hai,3700,Udit Narayan:Sona Kitna Sona Hai,0,,
356,2021-05-19 10:26,Sunil Kamath,Kinna Sona,137180,Sunil Kamath:Kinna Sona,0,,
357,2021-05-21 08:37,Sunil Kamath,Kinna Sona,232280,Sunil Kamath:Kinna Sona,0,,
358,2021-05-21 08:38,A.R. Rahman,Naane Varugiraen,40880,A.R. Rahman:Naane Varugiraen,0,,
359,2021-05-21 09:20,Danny Zee,Udh Chaliye,178460,Danny Zee:Udh Chaliye,0,,
360,2021-05-21 09:22,The Kid LAROI,Blessings,3270,The Kid LAROI:Blessings,0,,
361,2021-05-21 09:39,Ayushmann Khurrana,"Pani Da Rang Male (From ""Vicky Donor"")",920,"Ayushmann Khurrana:Pani Da Rang Male (From ""Vicky Donor"")",0,,
362,2021-05-21 09:40,King,Tu Aake Dekhle,62570,King:Tu Aake Dekhle,0,,
363,2021-05-21 16:54,Sunil Kamath,Kinna Sona,1010,Sunil Kamath:Kinna Sona,0,,
364,2021-05-21 17:14,Dj Chetas,Atif Mashup,4320,Dj Chetas:Atif Mashup,0,,
365,2021-05-21 17:14,Ajey Nagar (CarryMinati),Yalgaar,1530,Ajey Nagar (CarryMinati):Yalgaar,0,,
366,2021-05-21 17:16,Gajendra Verma,Tera Ghata,42660,Gajendra Verma:Tera Ghata,0,,
367,2021-05-21 17:16,Vilen,Ek Raat,101980,Vilen:Ek Raat,0,,
368,2021-05-21 17:19,KR$NA,Untitled,97300,KR$NA:Untitled,1,Untitled,2Yrl9A9VQg7QoCxeR9ktnn
369,2021-05-21 17:21,DIVINE,Mirchi,110010,DIVINE:Mirchi,0,,
370,2021-05-31 16:23,Palak Muchhal,Chahun Main Ya Naa,6550,Palak Muchhal:Chahun Main Ya Naa,1,Aashiqui 2,6UgcN95w7vQxkR8sEFmwHG
371,2021-06-06 20:06,Lady Gaga,Sour Candy (with BLACKPINK),970,Lady Gaga:Sour Candy (with BLACKPINK),0,,
372,2021-06-10 07:54,Lady Gaga,Sour Candy (with BLACKPINK),4230,Lady Gaga:Sour Candy (with BLACKPINK),0,,
373,2021-06-10 08:04,A.R. Rahman,Fanaa,87510,A.R. Rahman:Fanaa,0,,
374,2021-06-10 16:39,TWICE,Feel Special,8840,TWICE:Feel Special,0,,
375,2021-06-10 16:39,Yo Yo Honey Singh,Brown Rang,2000,Yo Yo Honey Singh:Brown Rang,0,,
376,2021-06-24 06:38,fun.,We Are Young (feat. Janelle Monáe),159672,fun.:We Are Young (feat. Janelle Monáe),0,,
377,2021-06-24 07:35,American Authors,Best Day Of My Life,163940,American Authors:Best Day Of My Life,0,,
378,2021-06-25 15:44,Kshitij Tarey,Aye Khuda,26110,Kshitij Tarey:Aye Khuda,1,Murder 2,1SdMHj6tJp2YZ5INflJR1T
379,2021-06-25 15:45,Arijit Singh,Uska Hi Banana,61500,Arijit Singh:Uska Hi Banana,0,,
380,2021-06-25 15:48,Kshitij Tarey,Aye Khuda,182760,Kshitij Tarey:Aye Khuda,1,Murder 2,1SdMHj6tJp2YZ5INflJR1T
381,2021-06-27 08:00,Arijit Singh,Uska Hi Banana,15548,Arijit Singh:Uska Hi Banana,0,,
382,2021-06-27 08:07,Kshitij Tarey,Aye Khuda,410459,Kshitij Tarey:Aye Khuda,1,Murder 2,1SdMHj6tJp2YZ5INflJR1T
383,2021-06-27 11:09,Yo Yo Honey Singh,Dope Shope,133780,Yo Yo Honey Singh:Dope Shope,0,,
384,2021-06-27 11:12,KR$NA,Untitled,151384,KR$NA:Untitled,1,Untitled,2Yrl9A9VQg7QoCxeR9ktnn
385,2021-06-27 11:13,Maninder Buttar,Sakhiyaan,106285,Maninder Buttar:Sakhiyaan,0,,
386,2021-06-27 11:14,Bohemia,Ek Din,13750,Bohemia:Ek Din,0,,
387,2021-06-27 11:17,KR$NA,Roll Up,188160,KR$NA:Roll Up,1,Roll Up,2HBnruSUjUJhqNePQXObRK
388,2021-06-27 11:23,Pritam,In Dino,93130,Pritam:In Dino,0,,
389,2021-06-27 11:26,King,Tu Aake Dekhle,150560,King:Tu Aake Dekhle,0,,
390,2021-06-27 11:30,fun.,We Are Young (feat. Janelle Monáe),250626,fun.:We Are Young (feat. Janelle Monáe),0,,
391,2021-06-27 11:32,Kshitij Tarey,Aye Khuda,91345,Kshitij Tarey:Aye Khuda,1,Murder 2,1SdMHj6tJp2YZ5INflJR1T
392,2021-06-30 12:05,fun.,We Are Young (feat. Janelle Monáe),250626,fun.:We Are Young (feat. Janelle Monáe),0,,
393,2021-06-30 12:12,Kshitij Tarey,Aye Khuda,410459,Kshitij Tarey:Aye Khuda,1,Murder 2,1SdMHj6tJp2YZ5INflJR1T
394,2021-06-30 12:17,Arijit Singh,Uska Hi Banana,327029,Arijit Singh:Uska Hi Banana,0,,
395,2021-06-30 12:21,Yo Yo Honey Singh,Dope Shope,211764,Yo Yo Honey Singh:Dope Shope,0,,
396,2021-06-30 12:25,AP Dhillon,Brown Munde,254400,AP Dhillon:Brown Munde,0,,
397,2021-06-30 12:30,King,Tu Aake Dekhle,270000,King:Tu Aake Dekhle,0,,
398,2021-06-30 12:33,Ritviz,Pran,221538,Ritviz:Pran,0,,
399,2021-06-30 12:58,Dino James,Dooriyan (feat. Kaprila),155723,Dino James:Dooriyan (feat. Kaprila),0,,
400,2021-07-03 18:17,Dino James,Dooriyan (feat. Kaprila),15000,Dino James:Dooriyan (feat. Kaprila),0,,
401,2021-07-05 17:56,Dino James,Dooriyan (feat. Kaprila),860,Dino James:Dooriyan (feat. Kaprila),0,,
402,2021-07-10 11:27,Dino James,Dooriyan (feat. Kaprila),21258,Dino James:Dooriyan (feat. Kaprila),0,,
403,2021-07-10 11:44,Pritam,"Aabaad Barbaad (From ""Ludo"")",200411,"Pritam:Aabaad Barbaad (From ""Ludo"")",1,"Aabaad Barbaad (From ""Ludo"")",0hFUtSsV2itYEUTZGj6w5H
404,2021-07-16 07:37,King,Tum Saath Rehnaa,5900,King:Tum Saath Rehnaa,0,,
405,2021-07-17 14:29,King,Tum Saath Rehnaa,3220,King:Tum Saath Rehnaa,0,,
406,2021-07-17 14:30,Pritam,Kya Mujhe Pyar Hai (Remix),27150,Pritam:Kya Mujhe Pyar Hai (Remix),0,,
407,2021-07-17 16:06,KR$NA,Untitled,127870,KR$NA:Untitled,1,Untitled,2Yrl9A9VQg7QoCxeR9ktnn
408,2021-07-20 16:00,King,Tu Aake Dekhle,31624,King:Tu Aake Dekhle,0,,
409,2021-07-20 16:01,King,Casanova,10992,King:Casanova,0,,
410,2021-07-20 16:05,Yo Yo Honey Singh,Dope Shope,4130,Yo Yo Honey Singh:Dope Shope,0,,
411,2021-07-20 16:05,Yo Yo Honey Singh,Angreji Beat,32251,Yo Yo Honey Singh:Angreji Beat,0,,
412,2021-07-21 07:36,Drake,God's Plan,198973,Drake:God's Plan,1,Scorpion,6DCZcSspjsKoFjzjrWoCdn
413,2021-07-21 07:39,Drake,God's Plan,145971,Drake:God's Plan,1,Scorpion,6DCZcSspjsKoFjzjrWoCdn
414,2021-07-21 20:08,King,Tu Aake Dekhle,8740,King:Tu Aake Dekhle,0,,
415,2021-07-21 20:09,KR$NA,Living Legend,1610,KR$NA:Living Legend,0,,
416,2021-07-21 20:09,KR$NA,Roll Up,6050,KR$NA:Roll Up,1,Roll Up,2HBnruSUjUJhqNePQXObRK
417,2021-07-21 20:09,Sonu Nigam,Sandese Aate Hai,7430,Sonu Nigam:Sandese Aate Hai,0,,
418,2021-07-24 10:04,Atif Aslam,Woh Lamhe Woh Baatein,5470,Atif Aslam:Woh Lamhe Woh Baatein,0,,
419,2021-07-24 10:04,Kuxh Beats,Woh Lamhe Lo-Fi Mix,4340,Kuxh Beats:Woh Lamhe Lo-Fi Mix,0,,
420,2021-07-24 10:08,Atif Aslam,Woh Lamhe Woh Baatein,236475,Atif Aslam:Woh Lamhe Woh Baatein,0,,
421,2021-07-24 10:08,Pritam,Ye Tune Kya Kiya,21920,Pritam:Ye Tune Kya Kiya,0,,
422,2021-07-24 13:08,Drake,God's Plan,213757,Drake:God's Plan,1,Scorpion,6DCZcSspjsKoFjzjrWoCdn
423,2021-07-24 13:11,The PropheC,Vibe,4024,The PropheC:Vibe,0,,
424,2021-07-24 13:11,King,Tu Aake Dekhle,86984,King:Tu Aake Dekhle,0,,
425,2021-07-24 13:17,KR$NA,Living Legend,373034,KR$NA:Living Legend,0,,
426,2021-07-24 13:35,KR$NA,Say My Name,83320,KR$NA:Say My Name,0,,
427,2021-07-27 13:44,Pritam,Ye Tune Kya Kiya,5210,Pritam:Ye Tune Kya Kiya,0,,
428,2021-07-27 13:45,Vilen,Ek Raat,7860,Vilen:Ek Raat,0,,
429,2021-07-30 16:21,Jass Manak,No Competition,205500,Jass Manak:No Competition,1,No Competition,4AVe62GFbb3ffKXjUSpiuv
430,2021-07-30 16:40,Jass Manak,No Competition,177000,Jass Manak:No Competition,1,No Competition,4AVe62GFbb3ffKXjUSpiuv
431,2021-07-31 18:39,DIVINE,Mirchi,1630,DIVINE:Mirchi,0,,
432,2021-07-31 18:39,Ajey Nagar (CarryMinati),Yalgaar,32510,Ajey Nagar (CarryMinati):Yalgaar,0,,
433,2021-08-01 10:02,Drake,God's Plan,147920,Drake:God's Plan,1,Scorpion,6DCZcSspjsKoFjzjrWoCdn
434,2021-08-01 10:02,Arijit Singh,Uska Hi Banana,5186,Arijit Singh:Uska Hi Banana,0,,
435,2021-08-01 10:05,King,Tu Aake Dekhle,169836,King:Tu Aake Dekhle,0,,
436,2021-08-01 10:17,King,Tum Saath Rehnaa,100320,King:Tum Saath Rehnaa,0,,
437,2021-08-06 13:31,Amrinder Gill,Asi Gabru Punjabi,228453,Amrinder Gill:Asi Gabru Punjabi,0,,
438,2021-08-06 13:36,Dr Zeus,Mera Deewanapan,242573,Dr Zeus:Mera Deewanapan,0,,
439,2021-08-06 13:44,Amrinder Gill,Dildarian,247586,Amrinder Gill:Dildarian,0,,
440,2021-08-06 13:57,Amrinder Gill,Sochan Vich Tu,59111,Amrinder Gill:Sochan Vich Tu,0,,
441,2021-08-07 05:54,Amrinder Gill,Asi Gabru Punjabi,428353,Amrinder Gill:Asi Gabru Punjabi,0,,
442,2021-08-07 05:54,Amrinder Gill,Asi Gabru Punjabi,9764,Amrinder Gill:Asi Gabru Punjabi,0,,
443,2021-08-07 05:57,KR$NA,Untitled,151384,KR$NA:Untitled,1,Untitled,2Yrl9A9VQg7QoCxeR9ktnn
444,2021-08-07 06:00,Maninder Buttar,Sakhiyaan,179325,Maninder Buttar:Sakhiyaan,0,,
445,2021-08-07 06:01,Bohemia,Ek Din,67469,Bohemia:Ek Din,0,,
446,2021-08-08 06:24,Pritam,Kya Mujhe Pyar Hai (Remix),44940,Pritam:Kya Mujhe Pyar Hai (Remix),0,,
447,2021-08-13 17:21,KR$NA,Untitled,2230,KR$NA:Untitled,1,Untitled,2Yrl9A9VQg7QoCxeR9ktnn
448,2021-08-13 17:21,Diljit Dosanjh,Born to Shine,12500,Diljit Dosanjh:Born to Shine,0,,
449,2021-08-14 08:08,Diljit Dosanjh,Born to Shine,97970,Diljit Dosanjh:Born to Shine,0,,
450,2021-08-14 08:11,KR$NA,Untitled,151384,KR$NA:Untitled,1,Untitled,2Yrl9A9VQg7QoCxeR9ktnn
451,2021-08-14 08:11,Maninder Buttar,Sakhiyaan,22195,Maninder Buttar:Sakhiyaan,0,,
452,2021-08-14 12:31,Bohemia,Same Beef,52920,Bohemia:Same Beef,0,,
453,2021-08-21 07:02,Bohemia,Same Beef,133496,Bohemia:Same Beef,0,,
454,2021-08-21 07:07,Vishal Dadlani,"Mar Jayian Romantic (From ""Vicky Donor"")",282288,"Vishal Dadlani:Mar Jayian Romantic (From ""Vicky Donor"")",1,Vicky Donor,73yIZXOY6Th386dlZTZLju
455,2021-08-21 07:21,Vishal Dadlani,"Mar Jayian Romantic (From ""Vicky Donor"")",181320,"Vishal Dadlani:Mar Jayian Romantic (From ""Vicky Donor"")",1,Vicky Donor,73yIZXOY6Th386dlZTZLju
456,2021-08-26 15:51,Bo Burnham,Bezos I,19614,Bo Burnham:Bezos I,1,Inside (The Songs),0Kdj7nwaYQmvhxnqZaIQuW
457,2021-08-27 04:52,Bo Burnham,Bezos I,53757,Bo Burnham:Bezos I,1,Inside (The Songs),0Kdj7nwaYQmvhxnqZaIQuW
458,2021-08-27 04:53,Bo Burnham,Bezos I,58149,Bo Burnham:Bezos I,1,Inside (The Songs),0Kdj7nwaYQmvhxnqZaIQuW
459,2021-08-27 05:22,Bo Burnham,Bezos I,16853,Bo Burnham:Bezos I,1,Inside (The Songs),0Kdj7nwaYQmvhxnqZaIQuW
460,2021-09-11 19:45,Slay,Polozhenies - Remix,23900,Slay:Polozhenies - Remix,0,,
461,2021-09-11 19:45,Scriptonite,Polozhenie - Izzamuzzic Remix,8830,Scriptonite:Polozhenie - Izzamuzzic Remix,0,,
462,2021-09-12 08:43,Kenndog,Beethoven,144587,Kenndog:Beethoven,0,,
463,2021-09-12 08:46,Kenndog,Beethoven,144587,Kenndog:Beethoven,0,,
464,2021-09-12 08:58,Kenndog,Beethoven,67289,Kenndog:Beethoven,0,,
465,2021-09-14 06:02,Kenndog,Beethoven,77847,Kenndog:Beethoven,0,,
466,2021-09-14 06:05,Kenndog,Beethoven,144587,Kenndog:Beethoven,0,,
467,2021-09-14 06:08,Kenndog,Beethoven,144587,Kenndog:Beethoven,0,,
468,2021-09-14 06:09,Kenndog,Beethoven,59321,Kenndog:Beethoven,0,,
469,2021-09-18 17:56,Harnoor,Parshawan,18080,Harnoor:Parshawan,1,Parshawan,6IaHIJYxIG8xbosaRr25AC
